{"R1RUqNNXYJAOPljRKnu8CA==":"fondo%201%20h-2000x1414.png","MQHT7pxjdFEJcstxwOwnzg==":"fondo%201%20h-2000x1414.png","p5HE0Qv6Ip6dHeMv4nQ99A==":"fondo%201%20h-2000x1414.png","JuGG0hmDdCNDiA6Dd6Mb7g==":"fondo%201%20h-2000x1414.png","/Ab7qieWMNVmKV/ie6jBHQ==":"diapositiva5-986x555.jpg","EtNZ5D3MdINkySje9+qH2Q==":"diapositiva5-986x555.jpeg","hXEacWdWHPjIdCF8EDOkMg==":"riego_aspersion-640x480.jpeg","T/vhumZcWvfdAfLTKmul/w==":"jardiner%C3%ADa-297x170.jpg","DTM9uiI1+47RBX7ktIhIfg==":"115890255_107678351032286_3270537521019387318_o-960x1280.jpeg","/NXPuds9p0V3/xiSlIaXRQ==":"equipos%201-289x364.png","xSXKuwMRGwPDReCKowZj/g==":"equipos%201-289x364.png","OhdXkzg+a7N6ro4p2N8Acw==":"equipos%201-289x364.png","aSgtpBaqMfpn/M7xHGZq/A==":"equipos-289x233.png","fnbidhft6LAUc+76WSgO+w==":"diapositiva2-1280x720.jpg","eVI7XXO/XZyZ3N9gl4I32w==":"riego_aspersion-640x480.jpg","KXh8rtbn2jCbqmZ5AhhQrQ==":"equipos%201-289x364.png","+wLMYuGyzYi3I+p82EDOjg==":"apk%20de%20sistemas%20de%20riego%201-268x341.jpg","of567b7VXSe07ATyWVPaKA==":"fondo%201%20h-2000x1414.png","cThL5jPaT5GZpcPbdB1g3w==":"fondo%201%20h-2000x1414.png","EWFKVVU5DlP343ft9P2PQQ==":"fondo%201%20h-2000x1414.png","Gg1LRVhRGH4scIF19Hb8dg==":"dta-agr%C3%ADcola-122x45.png"}